title,pageid,length,
Algorithm,775,100866,
Ada_(programming_language),1242,50196,
APL_(programming_language),1451,85446,
BASIC,4015,39524,
Brian_Kernighan,4051,12711,
Bill_Schelter,4178,2983,
Computer_programming,5311,22988,
Compiler,5739,58205,
Computer_program,5783,28460,
Cygwin,6840,19865,
Computer_multitasking,6857,17322,
Class_(computer_programming),7392,48847,
Data_structure,8519,11921,
Design_pattern,8745,6620,
Erlang_(programming_language),9646,34153,
Functional_programming,10933,68795,
List_of_programmers,11026,36705,
Fortran,11168,82551,
Foobar,11178,7306,
Hacker,13533,26053,
\Hello,"_World!\""_program""",,2.01802E+13
International_Olympiad_in_Informatics,14777,24467,
Java_(programming_language),15881,67874,
Just_another_Perl_hacker,16485,8781,
Knowledge_representation_and_reasoning,16920,33280,
FX-87,17139,1483,
KISS_principle,17176,6644,
Knights_of_the_Lambda_Calculus,17209,2416,
KOMPILER,17212,731,
Logic_programming,17927,35689,
Lisp_(programming_language),18016,71758,
Linker_(computing),18566,11318,
List_of_algorithms,18568,66902,
Mercury_(programming_language),19726,10345,
Multitier_architecture,20003,12600,
Macro_(computer_science),20560,19886,
Obfuscation_(software),22739,19792,
Programming_language,23015,77764,
Programmer,23716,18809,
Pascal_(programming_language),23773,62742,
Procedural_programming,23801,9554,
Python_(programming_language),23862,95563,
PHP,24131,93618,
Pseudocode,24185,12003,
Quine_(computing),25270,23077,
Regular_expression,25717,80047,
Code_refactoring,25871,17532,
Relational_model,26220,37155,
Rebol,26384,22323,
Source_code,27661,16783,
Structured_programming,27695,28714,
Smalltalk,28319,58145,
Spaghetti_code,28732,16576,
Syntactic_sugar,29054,13481,
Second-system_effect,29313,1873,
SNOBOL,29515,18844,
Side_effect_(computer_science),29519,7176,
The_Art_of_Computer_Programming,31358,24851,
Event_cascade,37084,454,
Supercomputer,37153,70987,
Squeak,37426,11490,
"Lions'_Commentary_on_UNIX_6th_Edition,_with_Source_Code",38279,9082,
Visitor_pattern,38689,36376,
Design_by_contract,39289,17263,
Precondition,39290,3642,
Postcondition,39291,3708,
Software_performance_testing,39294,21566,
Design_Patterns,40394,29276,
Abstract_factory_pattern,41836,20923,
John_Ousterhout,42072,6343,
Ninety-ninety_rule,42877,2213,
John_Gilmore_(activist),43308,7585,
Hungarian_notation,44229,23970,
Process_(computing),45178,13440,
Thread_(computing),45303,34972,
Lua_(programming_language),46150,36635,
Identity_map_pattern,46955,1228,
CDR_coding,47766,2747,
Core_dump,49721,12469,
Reserved_word,49723,24801,
Debugger,50485,10015,
Disassembler,54390,6644,
Makefile,55976,5667,
DLL_Hell,59441,24279,
Not_invented_here,60102,2586,
Self_(programming_language),60265,22142,
Abstraction_(software_engineering),60491,29768,
PureBasic,60643,13549,
Prototype-based_programming,61003,18441,
Event-driven_programming,62599,9581,
Defensive_programming,62661,12536,
Locality_of_reference,64028,15185,
Adapter_pattern,65020,21578,
Facade_pattern,65028,14370,
Bridge_pattern,65033,15897,
Singleton_pattern,65041,7878,
Justin_Frankel,68233,8932,
Iteration,68833,5715,
Jackson_structured_programming,70973,14319,
Sieve_of_Eratosthenes,73415,34745,
Feature_creep,73528,11668,
Ousterhout's_dichotomy,81250,5901,
Dead_code,84473,4660,
Cargo_cult_programming,84478,5073,
AppleScript,88392,56483,
Lazy_initialization,93427,22679,
Algorithmics,99861,600,
Index_of_computing_articles,99965,17488,
Shotgun_debugging,101415,1973,
Library_(computing),106421,33586,
Flyweight_pattern,140538,22273,
Memento_pattern,140542,10895,
Basic_object_system,140636,1103,
Jerry_Yang,142552,22098,
Matthias_Ettrich,143418,3795,
List_of_programming_languages,144146,26341,
Algorithmic_efficiency,145128,22381,
Brad_Fitzpatrick,145189,2845,
Aspect-oriented_programming,145329,41937,
XOR_swap_algorithm,145555,13942,
Andrey_Ershov,146952,4499,
Free_variables_and_bound_variables,147460,13747,
Delegation_pattern,148655,3613,
FASM,160260,7134,
Builder_pattern,164849,20679,
Factory_method_pattern,164850,15920,
Prototype_pattern,164851,12461,
Composite_pattern,164853,17591,
Decorator_pattern,164854,27140,
Proxy_pattern,164856,16267,
Command_pattern,164858,30310,
Iterator_pattern,164859,13391,
Interpreter_pattern,164860,12146,
Mediator_pattern,164862,13877,
Observer_pattern,164863,11785,
State_pattern,164864,9053,
Strategy_pattern,164865,16009,
Template_method_pattern,164866,10128,
Balking_pattern,164870,3014,
Guarded_suspension,164871,3225,
Double-checked_locking,164874,16274,
Software_design_pattern,164952,42220,
Software_development_kit,166087,5087,
Indirection,166206,4049,
Open_Database_Connectivity,168701,31637,
Gauche_(Scheme_implementation),169126,3851,
Instance_variable,169629,3510,
Jarkko_Oikarinen,170573,4625,
BASIC_Programming,174486,3474,
Moral_hazard,175590,30913,
Cache_coherence,176865,13917,
List_of_data_structures,177318,6421,
Software_developer,179683,6450,
Programming_paradigm,189897,17921,
Constraint_programming,189899,16214,
Self-hosting,192092,7005,
Run_time_(program_lifecycle_phase),192263,2785,
Law_of_the_instrument,193583,13750,
Imperative_programming,197847,10847,
Programming_style,197883,13967,
Yo-yo_problem,197986,2461,
String_literal,199706,42371,
Maze_generation_algorithm,200877,19605,
Divide_and_conquer_algorithm,201154,18029,
Declarative_programming,210648,9594,
Emergent_algorithm,214269,1752,
Porting,214804,14786,
Gambas,215824,18546,
Self-modifying_code,217647,26516,
In-place_algorithm,219861,8383,
Index_of_Internet-related_articles,220684,12549,
Worse_is_better,223321,7014,
Program_optimization,225779,31137,
Guido_van_Rossum,226402,15320,
Comparison_of_multi-paradigm_programming_languages,226843,32331,
Window_class,229286,1546,
Robert_Tappan_Morris,230339,13785,
Scheduling_(computing),231920,41154,
Computer_code,232500,1262,
Law_of_Demeter,232883,12317,
Anti-pattern,233956,17751,
Accidental_complexity,233959,99,
Aggregate_pattern,234004,2392,
Assertion_(software_development),234018,19061,
Boat_anchor_(metaphor),234021,4921,
Code_smell,234034,9340,
Copy_and_paste_programming,234071,12286,
Separation_of_concerns,234273,15511,
AspectJ,237214,12161,
End-to-end_principle,238042,26736,
Rapid_application_development,239993,15368,
Coroutine,243800,35687,
D_(programming_language),243881,38778,
Serial_algorithm,244440,58,
Lock_(computer_science),244593,23293,
Spinlock,244603,10008,
Clipper_(programming_language),246367,9922,
Communicating_sequential_processes,247370,37163,
Application_framework,251413,3049,
Syntax_error,264540,3412,
Syntax_highlighting,265079,11559,
Core_War,274362,18373,
Visual_Component_Library,274874,10542,
Component_Library_for_Cross_Platform,274878,1741,
Polyglot_(computing),275174,5458,
List_comprehension,275744,19865,
Symbolics_Document_Examiner,286931,3001,
Model–view–controller,288233,11658,
In-circuit_emulation,291590,8411,
Command–query_separation,291789,5594,
Indentation_style,294545,38285,
Obfuscated_Perl_Contest,298372,2104,
Upstream_(software_development),298558,1500,
Liskov_substitution_principle,300568,9949,
John_Walker_(programmer),305576,5135,
Boilerplate_text,307584,3591,
Stovepipe_system,310665,1928,
Video_game_programmer,311632,29186,
Stack_(Haskell),313158,3083,
Long_division,313384,22358,
Reflection_(computer_programming),314905,12661,
David_Filo,315077,5824,
Strict_programming_language,319289,4250,
Index_notation,320026,9751,
Io_(programming_language),323340,7109,
Khaled_Mardam-Bey,329861,259,
Prettyprint,334552,10896,
Source-code_compatibility,335164,1527,
Software_bloat,335766,17183,
Object_file,337307,5104,
Reusability,346547,3629,
Association_(object-oriented_programming),346624,2026,
SuperCollider,346978,13860,
Visual_Basic_Extension,348615,1984,
Third-party_software_component,349218,1243,
Magic_number_(programming),352996,38858,
Lookup_table,356457,19498,
RobotWar,364017,5325,
System_programming,365264,5655,
Dope_vector,366016,6638,
Small_matter_of_programming,366872,3414,
Programming_tool,370882,8435,
Pico_(programming_language),379013,3518,
The_C_Programming_Language,379671,9641,
Block_(programming),381944,10668,
ISO/IEC_11404,385284,1223,
Tomasulo_algorithm,390562,13612,
Metaprogramming,393460,13600,
Omega_(video_game),402330,3980,
Interface_bloat,402849,868,
Copy-on-write,407603,10543,
Rebasing,411418,3842,
Timeline_of_algorithms,416776,14130,
Algorism,417534,5257,
JCSP,420461,6947,
ARS-based_programming,427396,1819,
Inline_function,428330,22936,
Memory_debugger,428407,6976,
Hexspeak,430638,18518,
Lou_Montulli,432114,4064,
Magic_pushbutton,434752,6281,
Daniel_Glazman,435809,2746,
Chef_(programming_language),436800,151,
Portland_Pattern_Repository,452042,2735,
Andy_Hertzfeld,453275,8840,
Object_model_reference,453852,701,
Duff's_device,456753,14085,
C_syntax,456820,70723,
Abstraction_inversion,467011,4812,
Marker_interface_pattern,471373,3542,
Runtime_library,473238,3630,
Program_derivation,474691,3041,
Race_condition,475952,19032,
ChucK,478750,10966,
Loader_(computing),483773,10417,
Pei-Yuan_Wei,497192,3353,
Program_synthesis,498152,11752,
HAKMEM,505526,4071,
Groovy_(programming_language),508401,31808,
Cruft,519030,6088,
ActionScript,519691,39031,
ACM_International_Collegiate_Programming_Contest,520121,31503,
"National_Olympiad_in_Informatics,_China",521381,4218,
Flowchart,527453,18950,
Code_review,528249,12362,
SWIG,531490,7354,
TopCoder,532303,6805,
Cohesion_(computer_science),542168,8373,
PL/M,543057,7470,
Processing_(programming_language),546083,19458,
The_Art_of_Unix_Programming,546183,2954,
Indirect_branch,548606,3939,
Metalinguistic_abstraction,549371,2330,
Haiku_(operating_system),554281,13907,
Hong_Kong_Olympiad_in_Informatics,556512,7745,
Cleve_Moler,562706,6405,
OpenAL,563960,16454,
Delimiter,564276,23808,
Ccache,568114,1773,
Program_slicing,569460,7762,
Position-independent_code,571303,16324,
Generator_(computer_programming),572997,26368,
Monad_(functional_programming),579061,63831,
Line_number,585536,5291,
Lava_flow_(programming),587106,1621,
Big_ball_of_mud,587165,6041,
Code_folding,592001,22721,
Brad_Templeton,596137,3838,
Indentation_(typesetting),605600,14930,
GNU_toolchain,617980,2214,
Single-serving_visitor_pattern,619114,5040,
Interface_(computing),620746,11031,
List_of_algorithm_general_topics,632487,1462,
Critical_section,638312,11839,
Free_Pascal,638429,28545,
Dangling_else,648096,7904,
Toolchain,648580,2549,
"Write_once,_run_anywhere",651278,4266,
Canadian_Computing_Competition,651328,2889,
Stack_trace,656411,3814,
Remote_evaluation,661763,1151,
First-class_citizen,662844,7185,
Persistent_data_structure,662889,17371,
Service-oriented_architecture,666924,32831,
Busy_waiting,671489,6766,
Method_stub,674329,4147,
Gary_Kremen,678198,12688,
Array_slicing,683334,23925,
Tag_soup,689619,15994,
Resource_acquisition_is_initialization,693532,14523,
Joy_(programming_language),696166,7156,
Robot_Odyssey,699453,8226,
Premature_optimization,700147,78,
Leszynski_naming_convention,710604,8110,
Numerical_tower,711485,2014,
Memoization,723483,29686,
Name_mangling,725961,33721,
ZThreads,735814,2680,
Thread_pool,764016,6560,
Software_framework,768211,10948,
Space–time_tradeoff,773481,4827,
Source_upgrade,775890,2378,
Orkut_Büyükkökten,789887,9438,
David_Megginson,790005,2697,
Håkon_Wium_Lie,793223,9209,
Head–body_pattern,796992,740,
Breakpoint,805802,8861,
Loop-invariant_code_motion,807357,2677,
Tridium,819774,3479,
Policy-based_design,826852,9072,
Reduction_(complexity),848067,12059,
Fundamental_pattern,855048,1423,
Creational_pattern,855055,8175,
Structural_pattern,855061,3363,
Behavioral_pattern,855067,3171,
Concurrency_pattern,855068,1840,
Dependency_hell,858993,17690,
Operator_(computer_programming),860030,19450,
Programming_Ruby,864240,2006,
The_Pragmatic_Programmer,864249,3249,
Data_access_object,866093,6312,
Robot_Battle,867311,5916,
Action_at_a_distance_(computer_programming),868838,4382,
CVAR,875919,1045,
Array_programming,890887,20060,
K_(programming_language),890956,10041,
Factor_(programming_language),891398,12318,
General-purpose_programming_language,891926,2219,
Design_by_committee,893718,5079,
Value-level_programming,896822,3011,
One-liner_program,898917,10463,
Function-level_programming,899026,5883,
Stack-oriented_programming_language,910837,12543,
Feature_interaction_problem,914700,5575,
Set_theoretic_programming,919670,1126,
British_Museum_algorithm,920295,2271,
Directive_(programming),930128,9541,
Signal_programming,934665,2002,
United_States_of_America_Computing_Olympiad,938717,5300,
Modular_programming,939133,12865,
God_object,946609,3086,
Skeleton_(computer_programming),954216,2986,
Live_coding,954290,16221,
Gabor_Herman,1002526,5028,
Double_dispatch,1010669,31047,
Mike_Pinkerton,1013974,3631,
Rollback_(data_management),1015240,2650,
Strong_key,1022842,1320,
Organic_computing,1024775,3816,
Role-oriented_programming,1030582,4245,
Tom_Miller_(computer_programmer),1032961,974,
Gary_Kimura,1033037,1777,
Theodore_Ts'o,1034724,7547,
Disjoint-set_data_structure,1037551,14555,
You_aren't_gonna_need_it,1041907,4385,
Blake_Ross,1047595,10976,
TypeParameter,1053659,1502,
Programming_game,1057551,7400,
Occurs_check,1063946,5397,
Brendan_Eich,1067455,14923,
Code_segment,1067537,2695,
Dietlibc,1076735,2310,
Dataflow_programming,1079396,15878,
Java_syntax,1079500,62155,
Louis_Rosenfeld,1084262,2919,
Ambiguous_viewpoint,1086076,1551,
Code_reuse,1086559,13070,
Fred_Fish,1086708,4751,
Parameterized_macro,1105705,1834,
Molly_Holzschlag,1115439,9156,
Automatic_programming,1118035,14156,
Invariant_(computer_science),1126643,7116,
Daily_build,1126769,2731,
Source_code_editor,1138015,4450,
Rael_Dornfest,1141957,2576,
Robert_Woodhead,1144931,4724,
Perl_6,1146638,43515,
Boo_(programming_language),1147624,5002,
Trabb_Pardo–Knuth_algorithm,1149596,3628,
Eric_Reiss,1157503,10200,
Maintenance_mode,1162620,1308,
Bob_Truel,1167492,2126,
Metatable,1168490,710,
Advice_(programming),1169621,7280,
Central_European_Olympiad_in_Informatics,1184043,6867,
Greenspun's_tenth_rule,1210851,4125,
Diomidis_Spinellis,1212157,3740,
Analysis_paralysis,1220869,19343,
Sequence_point,1230835,7982,
National_University_of_Computer_and_Emerging_Sciences,1237204,20598,
Ada_Conformity_Assessment_Test_Suite,1237355,2255,
Pipeline_(software),1241238,10226,
Non-maskable_interrupt,1250055,7262,
Flag_field,1250304,215,
Member_variable,1251223,2370,
Hard_coding,1257114,8031,
Valid_time,1258440,3662,
Transaction_time,1258450,1371,
Paul_Davis_(programmer),1261567,2412,
Private_class_data_pattern,1265481,6013,
Tantek_Çelik,1271987,8639,
P._J._Plauger,1274498,7093,
Development_speed,1287338,1468,
Nested_function,1290268,18417,
Software_quality,1301906,45124,
Function_prototype,1311431,5277,
Hotfix,1315081,5641,
Source_Code_Control_System,1332019,15974,
Publish–subscribe_pattern,1336424,12214,
Programmer's_key,1363924,1246,
JHTML,1366107,2624,
Rocky's_Boots,1366995,6181,
Monitor_(synchronization),1367789,67752,
Workspace,1375104,7344,
E_(programming_language),1377046,8725,
JDiff,1388571,804,
JSP_model_2_architecture,1389337,7018,
TORCS,1406931,7582,
Unreachable_code,1411635,8948,
Jesse_James_Garrett,1418352,7980,
Barton–Nackman_trick,1418679,5250,
String_interning,1423287,7641,
Coupling_(computer_programming),1425449,11144,
Here_document,1426425,30586,
Jon_Hall_(programmer),1438232,8801,
Scott_Draves,1443423,4041,
FreeBASIC,1443566,8579,
Extensible_programming,1445177,14317,
Bidiagonal_matrix,1451250,1942,
Block_reflector,1451352,1745,
Gotcha_(programming),1457709,2491,
GNU_coding_standards,1462203,6913,
Dependency_injection,1484696,43538,
Logic_error,1488075,1815,
Sigil_(computer_programming),1492125,12471,
Language-oriented_programming,1493235,2969,
Nick_Finck,1505529,1756,
Business_object,1538333,2219,
Hex_dump,1548281,7722,
Medical_algorithm,1551981,5698,
SUnit,1564815,1015,
Johnny_Stenbäck,1569598,1355,
Sir_Dystic,1576401,5585,
Rename_method,1579485,1899,
Quentin_Stafford-Fraser,1581678,4749,
Matt_Mullenweg,1585314,22335,
Christien_Rioux,1587228,4803,
Inversion_of_control,1589554,12363,
PowerBuilder,1611118,19888,
Xavier_Leroy,1623543,3440,
Actor_model,1637868,63061,
Loose_coupling,1639470,9497,
Continuous_obsolescence,1641133,2142,
Refinement_(computing),1644367,4647,
Thread-local_storage,1649638,14887,
Timeout_(computing),1657639,3047,
Tom_Pepper,1692099,2184,
Intrinsic_function,1695405,6068,
Interactive_programming,1699983,3218,
Roy_Fielding,1709217,8073,
Tristan_Louis,1711113,7156,
TiK,1726574,1238,
Field_encapsulation,1727391,3844,
"Write_once,_compile_anywhere",1729790,1876,
Double-chance_function,1749773,4088,
Object-based_language,1759766,4050,
Git,1771747,53227,
Gutmann_method,1773852,13850,
Poltergeist_(computer_programming),1777061,2030,
Input_kludge,1781615,1328,
Scott_R._Lemmon,1783821,1367,
Programming_in_the_large_and_programming_in_the_small,1800329,6327,
Inner_loop,1819659,670,
Services_computing,1820849,1660,
Nassi–Shneiderman_diagram,1834450,7337,
StankDawg,1834679,22454,
External_memory_algorithm,1881722,7166,
TRON_command,1889606,1522,
Gary_Drescher,1895100,4424,
Opaque_predicate,1898450,986,
Software_rot,1906495,8756,
Literal_(computer_programming),1908624,3223,
Handle_leak,1914534,1873,
Naming_convention_(programming),1926443,28264,
Creeping_elegance,1932039,827,
Extension_conflict,1938220,3773,
Relocation_(computing),1938963,11912,
Randall_Hyde,1939548,5505,
CosmicOS,1946447,1405,
Dive_Into_Python,2003901,240,
Stackless_Python,2009536,5581,
Pkg-config,2044313,4191,
ThinBasic,2046810,14508,
Coding_by_exception,2054964,1005,
The_Elements_of_Programming_Style,2076194,5872,
Component-integrated_ACE_ORB,2084197,1674,
Cowboy_coding,2088387,6087,
Hazard_pointer,2098082,5410,
Multi-adjoint_logic_programming,2099529,1658,
Attribute-oriented_programming,2099600,4704,
Codebase,2111762,6649,
Quantum_programming,2137644,16854,
Ian_Jackson,2158869,3480,
OpenPlay,2182068,2246,
GeneXus,2204125,4792,
Preemption_(computing),2204566,9374,
Java_API_for_XML-based_RPC,2208579,2219,
Join_Java,2225745,5903,
C_Traps_and_Pitfalls,2225997,2154,
Smoke_and_mirrors,2237812,1807,
Stagecast_Creator,2241788,5893,
Parallel_programming_model,2242375,10673,
Mock_object,2250059,12553,
The_Code_Room,2256261,2927,
The_Unix_Programming_Environment,2273418,4880,
British_Informatics_Olympiad,2274463,2168,
Dave_Haynie,2276788,3942,
Uniform_access_principle,2278914,11167,
Turbo_Vision,2281828,5454,
Goal_seeking,2286714,2232,
Server_Application_Programming_Interface,2287409,2551,
Crobots,2306103,3873,
Profiling_(computer_programming),2310080,15747,
Intentional_programming,2311014,13461,
Language_construct,2340218,1294,
Zero-copy,2342552,4643,
C_Sharp_(programming_language),2356196,58507,
Caml,2362118,8238,
MySQL_Connector/ODBC,2376787,1075,
Capacity_optimization,2380971,2449,
Static_build,2401146,3964,
Self-documenting_code,2418555,3088,
Thinking_in_Java,2457823,2517,
Improbability_factor,2465822,798,
Overlapped_I/O,2489030,1840,
Filter_(software),2538139,6405,
Darwin_(programming_game),2540811,4096,
FuseDocs_(programming),2557724,960,
Opaque_pointer,2570200,9299,
Concurrent_computing,2581605,26269,
Single_responsibility_principle,2584592,3905,
Stu_Megan,2594834,4544,
Colobot,2606642,5347,
Exception_chaining,2609775,2006,
John_Socha,2620426,4705,
Keyword_(computer_programming),2633995,105,
Autoload,2641410,2487,
Magic_(programming),2641649,7713,
Carnage_Heart,2645793,7980,
Why_the_lucky_stiff,2648440,14943,
Static_library,2692227,5450,
Blind_write,2694608,620,
Dynamic-link_library,2701077,29036,
Code_bloat,2707448,3422,
Progress_trap,2722794,9482,
Software_craftsmanship,2724842,7582,
Control_Structure_Diagram,2760015,817,
Scott_Yanoff,2774271,3238,
Stream_processing,2786727,34265,
Software_build,2788153,3856,
Object_orgy,2795762,3719,
Squirrel_(programming_language),2819069,8147,
Stalin_(Scheme_implementation),2828643,2560,
JSP_model_1_architecture,2830704,1656,
Object_pool_pattern,2840375,16441,
Hyphenation_algorithm,2842189,5517,
Protothread,2853187,3250,
XL_(programming_language),2855241,14891,
Higher-order_programming,2855963,2291,
Type_generalization,2874679,1422,
Concept_programming,2875061,5496,
Optimum_programming,2876020,2273,
Load-link/store-conditional,2882985,9122,
Active_record_pattern,2885246,13785,
Resource_construction_set,2902599,6899,
Tombstone_(programming),2923260,2520,
Locks-and-keys,2923328,1247,
Context-sensitive_help,2928865,1691,
Google_Summer_of_Code,2929543,30033,
Term_indexing,2930391,4919,
Run-time_algorithm_specialisation,2935699,6420,
Sutton's_law,2949345,2766,
Hooking,2953077,23055,
Code_page_936_(Microsoft_Windows),2955551,4154,
Whitespace_character,2956700,18187,
Spelling_suggestion,2958346,1046,
Forward_declaration,2959937,8015,
Kernel_Normal_Form,2965083,1897,
South_African_Computer_Olympiad,2979898,7115,
Code_page_950,2988645,2782,
Hiroshi_Ishii_(computer_scientist),2996441,2133,
ICFP_Programming_Contest,2997987,13669,
Language_binding,3002110,5203,
Minification_(programming),3014865,6329,
Data-driven_programming,3055207,6827,
Software_visualization,3070397,10488,
Why's_(poignant)_Guide_to_Ruby,3073557,2479,
Explicit_parallelism,3095332,1537,
Call_super,3111337,5673,
Workflow_pattern,3114382,12903,
Sentinel_node,3123459,4302,
Damien_Doligez,3126051,630,
Ryo_Kawasaki,3130298,21619,
Generation_gap_(pattern),3158152,1438,
Dependency_inversion_principle,3158597,18914,
Program-specific_information,3167892,24924,
Rpath,3200164,9517,
Syntax_(programming_languages),3206060,17137,
Computer_network_programming,3224769,2567,
GNU_Pascal,3227186,4362,
Dejan_Ristanović,3234218,2882,
Precompiled_header,3250351,6060,
Scala_(programming_language),3254510,88083,
Tony_Tebby,3255273,3089,
Pyrex_(programming_language),3274540,3855,
Tweak_programming_environment,3286149,1520,
Don't_repeat_yourself,3291957,4364,
Softcoding,3342347,3807,
Prospective_search,3345817,2267,
OmniMark,3375679,2508,
Automata-based_programming,3377755,22321,
Validator,3388205,1749,
APL_syntax_and_symbols,3406314,54075,
PC²,3418798,6590,
Hand_coding,3420503,3175,
Multiton_pattern,3430776,4832,
Tea_(programming_language),3431871,3153,
Structured_text,3432584,4399,
PCLSRing,3445364,5315,
Workflow_Open_Service_Interface_Definition,3457017,1727,
Logging_Open_Service_Interface_Definition,3460049,1086,
AlphaBasic,3555159,3269,
Randomization_function,3578575,3325,
Heisenbug,3590233,12319,
Dynamic_linker,3600079,10878,
Exception_handling_syntax,3624756,31160,
Toad_(software),3640379,6199,
Dynamization,3641207,3191,
GNUstep_Renaissance,3649940,2822,
Application_directory,3668017,5570,
Implicit_data_structure,3669635,9990,
Citrus_Project,3675986,1451,
Dave_Thomas_(programmer),3686327,3801,
Prefactoring,3688051,1184,
Kata_(programming),3697624,1730,
Program_comprehension,3733920,1604,
Galaksija_BASIC,3743155,5353,
Tagged_pointer,3755562,9721,
Tim_Howes,3781545,8206,
J/Direct,3820941,3532,
Redundant_code,3822016,2861,
JavaScript_syntax,3824186,78047,
Paul_Maritz,3824630,9613,
S-PLUS,3830007,3874,
Duplicate_code,3875705,8821,
Taint_checking,3906986,5648,
Deutsch_limit,3919573,4420,
Code_morphing,3931871,2169,
Rake_(software),3943873,5244,
Path_expression,3975986,1938,
MicroMUSE,3997515,7732,
Ordinal_data_type,3999009,1032,
Virtual_Execution_System,4012878,1045,
Turbo_Modula-2,4018640,1791,
Garbage_(computer_science),4035183,7868,
Recursion_(computer_science),4044867,51502,
Programming_model,4045128,2512,
Bruce_Ellis,4068631,2224,
Source_code_escrow,4070102,13703,
ToonTalk,4070265,11559,
Monkey_patch,4080119,4684,
Identity_transform,4081099,8104,
Aleksandar_Totic,4087212,571,
QuickWin,4100584,709,
How_to_Solve_it_by_Computer,4104986,1929,
FSU_Pthreads,4106162,963,
Sun_Java_Wireless_Toolkit,4107557,1893,
Netfrastructure,4113994,702,
Psychology_of_programming,4119246,3584,
Sam_Ruby,4133175,8483,
Invariant-based_programming,4160992,2246,
Dan_Maynes-Aminzade,4162475,5425,
Gervase_Markham_(programmer),4173471,2840,
Readers–writer_lock,4186235,12599,
Docstring,4225907,6922,
Interaction_design_pattern,4271289,11011,
Data_transfer_object,4308348,2472,
Append,4334924,6195,
PortAudio,4338159,2667,
PortMedia,4338281,876,
PortMidi,4338718,578,
Naming_collision,4379385,2324,
Earl_Levine,4388585,1143,
Bigloo,4397434,3174,
Agda_(programming_language),4426773,9452,
Adaptive_k-d_tree,4436211,554,
Auto-lead_Data_Format,4436896,2099,
SLIP_(programming_language),4449554,1893,
Database_tuning,4452966,5102,
GNU_Binutils,4464311,4018,
Concurrent_constraint_logic_programming,4467477,10596,
Plugpoint,4479139,1042,
Probe_effect,4515786,1798,
X-PLOR,4566237,1701,
Brace_notation,4567840,6518,
RoboWar,4594213,3797,
Fail-fast,4611484,4406,
Glue_code,4624733,2541,
Guard_byte,4633863,3203,
Inferential_programming,4643913,1507,
Underhanded_C_Contest,4653992,7101,
Input_mask,4659608,1502,
Bird–Meertens_formalism,4692157,5861,
Debug_menu,4714149,2240,
^txt2regex$,4739806,2398,
Little_b_(programming_language),4740151,2463,
Platform-independent_GUI_library,4755005,6575,
List_of_platform-independent_GUI_libraries,4778188,7258,
Signature_program,4798195,5225,
Curiously_recurring_template_pattern,4819306,12439,
Éric_Wenger,4831960,3711,
Gnits_standards,4870833,2062,
Fill_character,4880018,2289,
GRASP_(object-oriented_design),4907231,8099,
Convenience_function,5020729,977,
Bob_Sabiston,5095261,5232,
DLL_injection,5140924,16372,
Tacit_programming,5158722,6146,
Python_syntax_and_semantics,5250192,51480,
Error_hiding,5272519,6849,
Presentation–abstraction–control,5274765,6990,
Architectural_pattern,5277267,9093,
Cabal_(software),5364865,6138,
Open/closed_principle,5404610,5295,
Garry_Kitchen,5414075,5465,
Active_object,5418496,5430,
FUnit,5418531,343,
Gottfrid_Svartholm,5419153,15425,
Distributed_design_patterns,5474056,1045,
Core_common_area,5481214,601,
Rob_Savoye,5497676,2170,
X86_debug_register,5519427,3977,
Java_4K_Game_Programming_Contest,5540432,24285,
Best_coding_practices,5548053,28189,
Refined_Printing_Command_Stream,5583861,1610,
Cooperative_multitasking,5614270,3717,
Boilerplate_code,5622243,8515,
Conditional_operator,5647807,785,
Dry_run_(testing),5664562,1144,
Flow-based_programming,5689970,32916,
Instruction_step,5713883,2718,
Cheat_sheet,5733800,2809,
Napier88,5748470,4380,
OpenGrok,5768711,2960,
Initialization-on-demand_holder_idiom,5799372,3452,
Sequential_coupling,5842415,1028,
MKS_Toolkit,5844874,5555,
IC_programming,5876226,866,
SimGear,5888617,1163,
Compressed_file_library,5920617,1684,
Snippet_(programming),5947150,12798,
Persistence_(computer_science),6025550,6840,
Reversion_(software_development),6064181,1379,
Swap_(computer_programming),6067549,7303,
Alex_Martelli,6073784,3156,
Visual_Basic,6097382,33754,
Data-directed_programming,6102626,741,
Matt_Lebofsky,6122598,3085,
Scaffold_(programming),6210017,5916,
Provider_model,6213806,1829,
MetaEdit+,6221262,4616,
Programming_by_permutation,6277284,4811,
Outline_of_computer_programming,6301802,16256,
Naa_Govindasamy,6305303,2504,
Cal_Henderson,6332877,4254,
Turbo_Delphi,6338910,3261,
Luca_Pagano,6391384,11008,
Macro_instruction,6427906,5464,
Deductive_language,6477222,5220,
Visual_Eiffel,6481784,1273,
XStream,6518252,3570,
Dump_analyzer,6532515,767,
Adam_Goldstein_(author),6587457,1622,
System_time,6613070,27602,
Performance_engineering,6615610,14275,
Crystallography_and_NMR_system,6707538,1712,
Crt0,6727540,3300,
Indian_Computing_Olympiad,6743441,3306,
Visual_guide,6767443,1806,
Graceful_exit,6774591,4526,
Programming_idiom,6775751,2626,
End-user_development,6795600,27105,
Norton_Guides,6869913,1182,
ChipWits,6870355,2679,
Algorithm_characterizations,6901703,72336,
DX_Studio,6945368,6524,
Instruction_creep,6979831,2409,
Eugene_Nalimov,6997206,1487,
Binary-safe,7031297,1714,
Adrian_Holovaty,7052260,5961,
Index_of_robotics_articles,7119987,37079,
Accident_analysis,7161451,7136,
Weak_symbol,7177568,11509,
Peter_Eastman_(software_engineer),7265433,1320,
Online_judge,7289814,2435,
Stovepipe_(organisation),7303173,3041,
Kinetic_Rule_Language,7303776,12326,
G95,7343223,2550,
Spreading_activation,7347241,7923,
Turbo_C_Sharp,7348153,876,
Computer_programming_in_the_punched_card_era,7380371,8160,
Performance_Application_Programming_Interface,7390213,2214,
ObjectVision,7408734,1337,
EusLisp_Robot_Programming_Language,7416368,1101,
Message_broker,7423668,4105,
Wormwood_(computer_virus),7438721,357,
Conversational_state_(Java_EE),7442176,1632,
Vax_Common_Lisp,7460291,1421,
Differentiated_service,7514065,2612,
Compilation_error,7528730,4274,
Programming_Challenges_(book),7559996,606,
Hacker's_Delight,7560055,3257,
Lazy_loading,7598292,3409,
Why–because_analysis,7599422,3421,
CSLU_Toolkit,7601778,656,
CookXml,7644547,6325,
Inner-platform_effect,7727159,5118,
Loop-switch_sequence,7728641,3375,
Nested_quotation,7732659,4867,
Stride_scheduling,7755182,1759,
Master–detail_interface,7793818,2243,
Intermittent_fault,7818294,6014,
QF-Test,7820240,4816,
Mark_Nemenman,7830073,1924,
Linux_Trace_Toolkit,7830900,3670,
Framebuffer_object,7841326,2694,
Bozo_bit,7855921,4435,
Zipper_(data_structure),7872003,10824,
Windows_software_trace_preprocessor,7893653,9305,
Java_concurrency,7901943,12822,
William_A._Stein,7920662,1970,
Bounded_pointer,7937472,1340,
Focus_stealing,7957557,4923,
Event_(computing),7962417,11136,
Coding_conventions,7969681,19533,
Grayed_out,7979471,1738,
The_Design_of_an_Optimizing_Compiler,8015709,1609,
Even–odd_rule,8033388,2218,
JSGF,8074094,1137,
Type_punning,8077294,12158,
LED_(editor),8104103,575,
Java_OpenAL,8118716,1548,
Sigar_(software),8253497,895,
Alex_St._John,8276712,2807,
Source-code_annotation,8282270,400,
Adaptive_algorithm,8286430,2597,
Configware/Software-Co-Compilation,8296890,2051,
PTK_Toolkit,8366447,2132,
SmartQVT,8451629,1829,
Dispose_pattern,8456259,15679,
Range_(computer_programming),8508082,2640,
STklos,8515749,1884,
Chez_Scheme,8516055,3291,
Larceny_(Scheme_implementation),8527916,2599,
Warnock_algorithm,8545410,2413,
Performance_prediction,8568030,2886,
Comment_(computer_programming),8592308,46423,
EasyLanguage,8648665,2501,
Rule_of_three_(C++_programming),8715728,7185,
Tracing_(software),8752187,7282,
One-pass_algorithm,8756788,2245,
Exploratory_programming,8766693,1958,
Java_performance,8786357,48425,
Accredited_Symbian_Developer,8844641,2208,
Fluent_interface,8862166,22577,
Programming_by_example,8880387,2279,
Nexus_(standard),8901049,6107,
Programming_by_demonstration,8912956,8776,
Debug_symbol,8920327,5166,
SourceKibitzer,8951942,1051,
Null_object_pattern,8973686,21084,
Partitioned_global_address_space,9000089,3064,
Conference_room_pilot,9002006,2337,
Gofer_(programming_language),9019708,1388,
Circle-ellipse_problem,9022379,20508,
Presenter_first_(software_approach),9032156,5215,
Compatibility_testing,9113053,825,
Jamie_Fenton,9138514,1981,
David_Yang_(entrepreneur),9215136,4254,
GluonJ,9225759,3091,
Happy_path,9336966,1675,
Phantom_reference,9340521,2471,
Danny_Lange,9351730,10241,
Zero_one_infinity_rule,9465910,2218,
Poshlib,9491290,1802,
OLE_DB_for_OLAP,9549317,2085,
Turkish_Informatics_Olympiad,9557022,2241,
Lisp_in_Small_Pieces,9576801,2605,
Michael_Kölling,9654170,7306,
RARS,9750678,1642,
Oxbow_code,9758970,1627,
Unreferenced_variable,9758975,1125,
HAtom,9793610,1394,
Cedar_(programming_language),9857086,158,
CssQuery,9872479,1939,
Pointer_aliasing,9921347,4494,
Gateway_(computer_program),9953336,678,
Lightweight_programming_language,10001714,679,
Process-oriented_programming,10043195,2834,
Direct.h,10111201,1502,
Dynamic_loading,10131591,18594,
Algorithm_engineering,10140499,8303,
Luke_Nosek,10169814,5311,
Memory_footprint,10193559,4440,
Semantic-oriented_programming,10237873,5450,
Lazy_inheritance,10344122,2491,
Algorithm_design,10433312,2741,
Clascal,10580097,1807,
CamelBones,10611409,998,
Hot_Soup_Processor,10735769,1955,
Colin_Simpson_(author),10774874,16468,
Trace_theory,10815131,1903,
Processor_array,10881039,939,
Zionts–Wallenius_method,10952814,861,
Branch_trace,11098435,3107,
Mtrace,11129674,5571,
Instrumentation_(computer_programming),11171531,4318,
Transient_(computer_programming),11271206,4781,
Enterprise_Integration_Patterns,11335534,5298,
John_Bridges_(software_developer),11351021,10490,
Table_Producing_Language,11394070,415,
Total_functional_programming,11599902,5972,
The_Daily_WTF,11670842,8360,
Narayanan_Shivakumar,11709254,1597,
Birger_Møller-Pedersen,11735557,1327,
Cyclic_executive,11866408,3375,
Technical_debt,11885652,15028,
Nondeterministic_programming,11898761,2508,
Bottleneck_(software),11912808,1919,
Ephemeron,11965881,7528,
Intel_Ct,11997249,2328,
HReview,12083024,1082,
Specification_pattern,12088522,12742,
Separation_of_mechanism_and_policy,12155645,9128,
Application_Lifecycle_Framework,12161750,1622,
Kepler_Engelbrecht,12201069,916,
Robot_Battle_(Macintosh_game),12240297,1795,
Ping-pong_scheme,12242679,3356,
Reactive_programming,12291165,28683,
Protected_procedure,12330336,1772,
Chris_Toshok,12336080,2828,
ACM_ICPC_Dhaka_Site,12381002,29878,
Intelligent_form,12409187,844,
Jonathan_Gay,12414889,17244,
Suril_Shah,12461899,5576,
Reactor_pattern,12501787,3702,
Vasm,12571913,2340,
Scientific_Vector_Language,12594048,1904,
Topfield_Application_Program,12641746,1196,
Naked_objects,12642257,12048,
Vala_(programming_language),12655903,10499,
Program_structure_tree,12656919,9605,
Rails_Rumble,12753690,918,
Developer_program,12774037,124,
Shawn_McKenzie,12775103,703,
Darwin_(programming_language),12794721,2608,
DataAdapter,13002240,2194,
DbExpress,13018749,1643,
Predeclared,13038601,3876,
Marlin_Eller,13058068,2366,
Broker_pattern,13119569,1062,
C/AL,13281075,2443,
Listing_(computer),13322729,2811,
Richard_Kilmer,13345651,3958,
Fat_comma,13382837,4585,
Hop_(software),13433106,4834,
Singly_rooted_hierarchy,13507170,1656,
Mangler_pattern,13585415,1505,
Amelioration_pattern,13612232,1124,
C_Sharp_syntax,13646669,87757,
Rewrite_(programming),13653181,5316,
Standalone_program,13721526,2891,
Jump-and-Walk_algorithm,13830115,3616,
Simon_Crosby,13873114,2652,
List_of_performance_analysis_tools,13898857,12134,
Constructed_product_result_analysis,13966892,1546,
JBPM,13983928,3569,
CPT_Corporation,14052985,11620,
Label_(computer_science),14124573,4225,
Jim_Hugunin,14202416,1680,
Trace_table,14264378,2394,
Comparison_of_programming_languages_(basic_instructions),14513019,141313,
Real-time_Programming_Language,14524293,1403,
Zardoz_(computer_security),14605789,2920,
Rialto_(programming),14606000,1505,
Holographic_algorithm,14609233,14423,
Runtime_Callable_Wrapper,14687744,1289,
Les_Trophées_du_Libre,14701147,5887,
Floyd's_triangle,14705292,2405,
Algorithms_+_Data_Structures_=_Programs,14706356,2041,
Syntactic_closure,14709444,668,
Prefix_header,14745134,3248,
Service-oriented_programming,14780172,22097,
Flake_(software),14828224,4280,
Wild_branch,14835240,1121,
Simon_Willison,14990331,4727,
The_Structure_and_Interpretation_of_the_Computer_Science_Curriculum,15038192,3414,
Syrian_Olympiad_in_Informatics,15198387,2334,
Rule_of_three_(computer_programming),15267164,2513,
Andrew_Troelsen,15331067,1757,
Fexpr,15399574,11338,
Bernard_Greenberg,15478029,3465,
Bitwise_IIT_Kharagpur,15535582,6966,
Library_of_Efficient_Data_types_and_Algorithms,15547417,1285,
Front_controller,15574400,9870,
Super-recursive_algorithm,15641067,19013,
Xft,15681978,2836,
Web_development_tools,15774107,7404,
Gridwars,15823556,7038,
Model–view–presenter,15972767,8483,
Scientific_programming_language,16093877,1274,
IOS_SDK,16176847,15665,
Signed_overpunch,16284001,1553,
PHP_syntax_and_semantics,16336976,18409,
Automata-based_programming_(Shalyto's_approach),16352023,18770,
Toad_Data_Modeler,16427921,4564,
Clojure,16561990,32755,
Model–view–adapter,16570597,5607,
Archivemount,16601298,1948,
TTCN-3,16604682,7119,
Sideband_computing,16695197,4754,
Hildon,16730890,6835,
Gold_(linker),16795018,4617,
Director_string,16820442,4141,
Proggy_programming_fonts,16894993,1841,
Dynamic_drive_overlay,16909624,1843,
Mark_Pelczarski,16918885,4803,
Extract_class,17139819,779,
Subject-oriented_programming,17190754,12070,
Filter_object,17326399,634,
WaveMaker,17332785,11934,
Benevolent_dictator_for_life,17402165,10752,
KXML,17509491,766,
Test_stub,17515602,3231,
Debugging_patterns,17555516,1298,
End-user_programming,17692480,70,
Margin_(machine_learning),17707632,773,
PV-Wave,17742923,1792,
Open_Agent_Architecture,17748770,702,
Clozure_CL,17764564,4091,
Code_Insight,17862330,854,
JBoss_Tools,17870256,5621,
Predictor–corrector_method,17876651,4672,
Shotgun_surgery,17897132,4726,
FOSD_origami,17959462,7876,
Shturmovshchina,18107127,2907,
VX-REXX,18172068,1988,
Clayton_Walnum,18363358,1974,
Australian_Informatics_Olympiad,18471827,7541,
Google_Code_Jam,18542923,9472,
Apple_Worm,18569641,3571,
Self-relocation,18569789,13899,
Domain_(software_engineering),18599119,1015,
UI_data_binding,18644154,2322,
Microwindows,18649840,8853,
Observer_effect_(information_technology),18698650,1877,
Natural-language_programming,18784729,8787,
Instruction_path_length,18839800,4523,
Code_golf,18891728,7441,
Babel_Middleware,18907010,4657,
Computer_cluster,18949896,31398,
Program_animation,19086385,8649,
Ehud_Tenenbaum,19190688,10118,
Android_Developer_Challenge,19194005,8421,
Griffon_(framework),19285693,5566,
Storm_(software),19364808,6387,
Ross_Williams,19387319,3106,
JBoss_Developer_Studio,19387375,9898,
Toy_program,19550534,740,
Gary_Grossman,19569240,931,
Grasshopper_(software),19661918,1063,
Asynchronous_method_invocation,19662248,10241,
Joe_Armstrong_(programming),19663772,4756,
Frame_technology_(software_engineering),19675942,12815,
Kinodynamic_planning,19759995,2142,
Nonzero-rule,19807193,3405,
Sanjiva_Weerawarana,19816093,4794,
Scriptol,19949822,1094,
Zeituni_Onyango,20023735,27938,
MindRover,20063670,1940,
Magic_string,20096370,8667,
Non-structured_programming,20102710,4143,
BASIC_Computer_Games,20191096,5567,
Scott_Knaster,20384173,3992,
Comment_programming,20513631,2541,
Tester_Driven_Development,20541638,789,
Jean-loup_Gailly,20566068,1452,
ActiveReports,20605998,20050,
Linear_syntax,20663371,1459,
Mark_Nottingham,20663859,3718,
Decrease_and_conquer,20831056,104,
Pvts,20953937,1650,
Fast_inverse_square_root,20989916,28445,
Boomerang_(programming_language),21008097,1864,
John_Resig,21051961,8483,
Trap_flag,21145819,4449,
Variadic_template,21191343,13044,
Wang_Yongmin,21335711,4560,
Point_of_delivery_(networking),21487154,1820,
Table_data_gateway,21489968,750,
Row_data_gateway,21490042,529,
Scripting_language,21490336,22673,
Racetrack_problem,21525057,2172,
Impromptu_(programming_environment),21613979,6202,
Falcon_(programming_language),21628757,32710,
Recursion_termination,21682202,2162,
Collaborative_development_environment,21711722,2252,
Streaming_algorithm,21759411,26353,
Fast_path,21772235,2059,
Tyler_Hinman,21835293,7281,
Rob_Pike,21870626,5349,
Constant_interface,21871116,5413,
David_Nelson_(software_developer),21883253,5596,
Hash_consing,21898171,4086,
Hot_spot_(computer_programming),21901229,3709,
Rubber_duck_debugging,21905962,2439,
Symbol_(programming),21968650,10133,
Voodoo_programming,22051732,814,
Process_patterns,22061861,1778,
Maze_solving_algorithm,22074859,17465,
CAMeL-View_TestRig,22236484,4150,
Comparison_of_code_generation_tools,22257141,21112,
Application_programming_interface_key,22336270,1205,
Common_modeling_infrastructure,22346760,3818,
Comparison_of_optical_character_recognition_software,22371791,17861,
Constant_(computer_programming),22410317,20461,
Kirk_Paul_Lafler,22446933,4949,
Simulation_algorithms_for_atomic_DEVS,22509875,4269,
Simulation_algorithms_for_coupled_DEVS,22513037,3506,
Tombstone_diagram,22740733,3062,
ArcObjects,22786215,3143,
Service_locator_pattern,22789539,3210,
HProduct,22945143,1175,
User_Direct_Access_Programming_Library,22988008,773,
Xdebug,23023538,4415,
Zed_Shaw,23045823,6908,
Model–view–viewmodel,23070896,9610,
Database-as-IPC,23170217,1544,
Ptrace,23222029,11669,
Information_hiding,23292380,10644,
Aruna_Kumari_Galla,23323971,4755,
NCover,23455130,1488,
Shortcode_activation_protocol,23512748,1419,
Collective_operation,23515853,979,
Glow_(JavaScript_library),23539904,1825,
Sergey_Aleynikov,23576687,28863,
Proactor_pattern,23596112,2060,
Sardinas–Patterson_algorithm,23632960,9066,
HNews,23737921,1688,
Programming_Languages:_Application_and_Interpretation,23749946,2992,
Roboforge,23793052,4459,
Chain-of-responsibility_pattern,23830136,22169,
Scheduled-task_pattern,23830159,615,
Sequential_algorithm,23868049,1290,
HRecipe,23900507,1049,
MILEPOST_GCC,23939922,4671,
Collective_Tuning_Initiative,23944904,5494,
Visual_FoxPro,23952547,16806,
Search_data_structure,24019691,7908,
"List_of_important_publications_in_concurrent,_parallel,_and_distributed_computing",24096816,7038,
Abstraction_principle_(computer_programming),24107654,7580,
Rational_Team_Concert,24119297,4848,
Hermes_(programming_language),24136948,2929,
SOLID_(object-oriented_design),24233616,5350,
UVa_Online_Judge,24274488,2375,
Shahriar_Manzoor,24289118,3917,
Program_analyzer,24309443,71,
XLeratorDB,24351683,14537,
JavaScriptMVC,24388251,4512,
Synthetic_Programming_(HP-41),24396844,1805,
Report_generator,24399503,1117,
Lisa_Strausfeld,24420747,5608,
SPOJ,24537547,9823,
Prolog_syntax_and_semantics,24537866,14404,
Compressed_data_structure,24757213,3351,
Sstream,24784894,929,
Polymorphic_recursion,24826482,8028,
Interface_segregation_principle,24880495,4895,
Index_of_Android_OS_articles,24904688,2020,
JEF_codepage,24942988,1574,
KEIS,24943406,1420,
OpenWire_(library),24955243,6748,
Debugging,24998792,21596,
Boolean_flag,24999643,1341,
OW2_Orchestra,25020363,1378,
Go_(programming_language),25039021,62967,
Core_Python_Programming,25061839,4753,
American_Graphics_Institute,25103612,5659,
Joe-E,25161339,2792,
Interceptor_pattern,25187922,2825,
Reservoir_sampling,25190127,19183,
Unspecified_behavior,25219731,6156,
Archetype_pattern,25220877,3956,
"If_it_ain't_broke,_don't_fix_it",25271658,175,
Quickly_(software),25395659,1824,
Multiuse_Model_View,25397090,2163,
"Data,_context_and_interaction",25430994,28091,
FarPoint_Spread,25469623,9560,
Jargon_File,25523630,26776,
CEAN,25535873,464,
PSGI,25550151,2684,
DBIx::Class,25579950,845,
Coders_at_work,25673787,6318,
Object_code_optimizer,25715841,4575,
OWBasic,25732355,1483,
Comparison_of_programming_paradigms,25741143,28285,
Pforth,25792484,3605,
Gforth,25795841,2576,
FDR_(software),25840230,4085,
MVC4WPF,25959959,6740,
Fate-sharing,26018955,1395,
Gdbserver,26166520,2867,
Test_double,26300921,5542,
The_Elements_of_Java_Style,26311585,2410,
Existence_detection,26320219,1036,
Composition_over_inheritance,26356139,13818,
Business_domain,26364383,1287,
Discoverability,26400029,24330,
Projax,26413018,592,
Parboiled_(Java),26421908,4235,
Teechart,26469470,14880,
Zinc_Application_Framework,26470511,1144,
TargetLink,26483333,3338,
Type_Tunnel_pattern,26513498,2256,
Chief_programmer_team,26614683,2746,
Plack_(software),26617189,3858,
Crucible_(software),26622997,3099,
Principle_of_least_astonishment,26667808,8424,
Randomized_rounding,26754386,24528,
Manhattan_address_algorithm,26784161,7559,
Pwn2Own,26896058,39749,
Seed_(programming),26929254,5544,
GLGE_(programming_library),26931962,1224,
Actifsource,26986580,2076,
MOOSE_Crossing,27071842,2377,
Slub_(band),27078859,3189,
Psake,27159658,2998,
Common_Programming_Interface_for_Communications,27302843,1622,
Initialization_(programming),27420511,4540,
Object-oriented_programming,27471338,61847,
Canonical_model,27500605,3106,
Justin_Rosenstein,27565282,8293,
Clay_Johnson_(technologist),27591947,5283,
JSGI,27630442,1765,
Browser_speed_test,27644383,9709,
FFTPACK,27708935,1489,
Harry_L._Nelson,27750422,8750,
EPANET,27838362,9812,
EDXL_Sharp,27978385,2220,
Naked_Objects_for_.NET,28037590,1551,
Circuit_breaker_design_pattern,28064151,4069,
Include_directive,28115039,10834,
Mobile_simulator,28157480,1911,
Noah_Glass_(Twitter),28249413,2834,
Bruce_Gilchrist,28301696,10763,
Gerrit_(software),28535391,11172,
TestDox,28667054,1612,
Standard_swap,28716157,810,
AI_Challenge,28745179,3533,
Maveryx,28752672,9426,
Behavioral_Description_Language,28806128,1743,
Intel_Parallel_Building_Blocks,28830660,2237,
In-target_probe,29065548,981,
Pixel_buffer,29130080,1215,
Grist_(computing),29273973,858,
Engineering_Code_Snippets_Project,29324444,3228,
Ceibo_emulator,29469215,1467,
Symbolic_programming,29485855,1579,
Gosu_(programming_language),29539307,7453,
Feature_Selection_Toolbox,29550075,6542,
Persistent_object_store,29628982,1269,
William_Hohri,29740076,7065,
DebugWIRE,29748150,2782,
Reverse_architecture,29769799,1226,
Servant_(design_pattern),29802823,8467,
Hamilton_C_shell,29820733,8976,
GNU_E,30196706,1130,
Precomputation,30208842,5586,
Protocol_Builder,30247192,1303,
Your_PC_Protector,30497111,3017,
Color_Robot_Battle,30729419,2482,
Bidirectional_transformation,30780965,3332,
FastCode,30814500,13273,
Kojo_(learning_environment),30843423,5516,
Source_code_virus,30844531,975,
Index_of_articles_related_to_BlackBerry_OS,30860066,3515,
Programming_interview,30863172,4435,
Card_image,30865955,795,
Nemerle,30883042,16159,
LiveCode,30890362,17072,
List_&_Label,30911092,7432,
String_interpolation,30925309,14461,
Coprocess,31035908,553,
Multi-Agent_Programming_Contest,31068176,6391,
DAvE_(Infineon),31091474,12470,
Line-oriented_programming_language,31177775,892,
OLE_DB_provider,31253629,2616,
JAUS_Tool_Set,31324140,9718,
Monty_Newborn,31359796,2861,
Binary_recompiler,31448815,1488,
Mark_Kriegsman,31502794,9822,
Code_browser,31556481,1488,
Ershov_Number,31577280,2711,
Coccinelle_(software),31592209,2903,
Partition_refinement,31595644,10200,
SpaceChem,31625168,24884,
Functional_logic_programming,31798895,1375,
Relativistic_programming,31865194,1660,
MobileNotifier,31896179,6612,
Charm_(programming_language),31915190,11022,
Common_Compiler_Feedback_Format,32024230,645,
Printf_debugging,32029668,79,
Concordion,32040842,8955,
Advanced_Programming_in_the_Unix_Environment,32103630,5197,
Value_semantics,32115431,2875,
Subroutine,32177451,43123,
TRE_(computing),32279357,6228,
Fabasoft_app.test,32324189,5776,
SIP_(software),32444509,3067,
Characteristic_based_product_configurator,32537475,4292,
Amir_Taaki,32563307,13331,
Indexer_(programming),32602092,2471,
Hindley–Milner_type_system,32612385,41709,
Assembly_(programming),32646739,2275,
Cybil_(programming_language),32669131,805,
Java_technology,32790639,100,
Waffles_(machine_learning),32867182,4541,
Brendan_Gregg,32878714,13915,
Programming_the_Z80,32898439,1805,
Higher_order_message,32944588,3435,
GLOBAL,32989303,1244,
FarCry_CMS,33024236,3884,
Mura_CMS,33024242,2809,
Walther_recursion,33068494,2060,
David_Recordon,33122928,2228,
Feature_toggle,33193592,7972,
Hidden_algebra,33222076,2218,
TestU01,33452004,4818,
Owl_Lisp,33476546,1239,
Notification_service,33478822,2400,
Philasmicos_Entwickler_Studio,33712868,4149,
Integer_literal,33776298,9072,
Joseph_Sgro,33792013,25187,
Flash_memory_emulator,33810267,2343,
Satine_Phoenix,33831942,11808,
Anaphoric_macro,33842863,3813,
Qore_(programming_language),33850384,10601,
Petr_Mitrichev,33851629,10207,
Games_Fleadh,33966914,8258,
Jared_Spool,33998286,7662,
Address_programming_language,34146907,3472,
History_of_computer_clusters,34164583,5843,
Dependently_typed_programming,34321304,182,
Tom_Scott_(entertainer),34397256,19615,
Facebook_Hacker_Cup,34456480,3600,
Competitive_programming,34493264,14591,
FireMonkey,34504206,7705,
Supercomputer_architecture,34609979,37032,
Back-off_pattern,34638276,1373,
Fabasoft_app.ducx,34912111,5276,
Module_pattern,35016502,18476,
Compile_and_go_system,35117434,4324,
Snake_case,35144959,5569,
DHA_Suffa_University,35425686,9935,
RNA22,35457560,7135,
0x10c,35474237,10442,
Mike_Krieger,35507332,4344,
Piece_table,35516996,2891,
Ivan_Kaspersky,35517842,1653,
Retroactive_data_structures,35579271,7733,
GaBi_(software),35603195,829,
Tracing_just-in-time_compilation,35604013,10314,
Emscripten,35614465,5454,
Generalized_distributive_law,35685954,29419,
C2flash,35816209,569,
Fully_qualified_name,36016834,11241,
Bisection_(software_engineering),36033877,2943,
GEORGE_(programming_language),36133392,6989,
McCLIM,36140630,603,
RubyMotion,36164101,4071,
Phase_distinction,36335710,2472,
Code_Club,36475843,5219,
Language_interoperability,36509863,1857,
Codecademy,36548336,11945,
Lucky_Logic,36574831,569,
Concurrent_object-oriented_programming,36670795,1191,
Automatic_mutual_exclusion,36675168,978,
FastTrack_Scripting_Host,36682239,7531,
InstallCore,36707048,7048,
Fluxus_(programming_environment),36787028,2348,
Libzip,36901603,3267,
Matt_Mickiewicz,36931864,4865,
Docblock,36988251,780,
Non-virtual_interface_pattern,36993938,2608,
ConEmu,37003331,5684,
Join-pattern,37160229,55361,
Young_Rewired_State,37161156,5907,
Data_mapper_pattern,37202848,2792,
PFUnit,37262408,2007,
Access_modifiers,37340815,4529,
Run_to_completion_scheduling,37606787,951,
Embedded_style_language,37617853,873,
Musl,37656132,4508,
UnitTestCg,37675114,695,
Google_Code-in,37815054,6660,
Code_cleanup,38010540,4119,
Market_fragmentation,38019728,6456,
Mirror_(programming),38035521,1515,
BAPC,38082219,7241,
EdgeRank,38090349,3791,
Proto.io,38138695,4915,
List_of_software_architecture_styles_and_patterns,38156321,2059,
DaVinci_(software),38183293,3915,
Elixir_(programming_language),38202780,8437,
Data_descriptor,38237049,5158,
Topincs,38261044,4102,
Rapid_PHP_Editor,38335097,1539,
Steve_Litchfield,38478274,4999,
Flowcode,38557302,1301,
Paul_Irish,38577686,5091,
Adevs,38605977,790,
Entity–component–system,38715612,11668,
Joget_Workflow,38788667,2111,
Open_energy_system_models,38803848,152905,
Design-Oriented_Programming,39032561,1707,
Automate_This,39045480,3361,
Order-maintenance_problem,39047079,20976,
Chandy-Misra-Haas_algorithm_resource_model,39093307,5353,
MiniKanren,39116526,3728,
Jolie_(programming_language),39210326,6411,
HCS_clustering_algorithm,39226029,8706,
Treehouse_(company),39244081,10851,
Hash_tree_(persistent_data_structure),39393649,1021,
Driver_scheduling_problem,39456471,3665,
Yoda_conditions,39458532,6838,
Forsythe_(programming_language),39495200,147,
Xojo,39624220,12652,
Flow_chart_language,39690826,5274,
Liveness,39714849,3676,
Multi-stage_programming,39765053,1955,
Predicate_dispatch,39816812,2095,
Umple,39874090,12766,
Tritium_(programming_language),39932131,5564,
List_of_ARM_Cortex-M_development_tools,40001291,18462,
Devex_algorithm,40129720,587,
Benoît_and_the_Mandelbrots,40192939,3400,
Analytical_Performance_Modeling,40258846,1930,
Shuffling_algorithm,40323482,85,
Hybrid_algorithm,40338559,4277,
Algorave,40428751,7556,
Lazarus_Component_Library,40446473,3779,
Free_Pascal_Runtime_Library,40446739,1671,
Free_Component_Library,40446785,1789,
Rendezvous_hashing,40543215,23612,
MIPI_Debug_Architecture,40564233,16866,
TAChart,40568313,1779,
COLT_(software),40592052,4279,
David_Kobia,40798464,1033,
Astrophysics_Source_Code_Library,40848676,6682,
Effective_Java,40860356,98,
The_Linux_Programming_Interface,40874736,5764,
Plotly,40928146,7356,
Pointer_jumping,41026219,5500,
Raghav_Sood,41173005,4579,
Winner-take-all_in_action_selection,41255201,6802,
Integrated_Language_Environment,41270482,506,
Grok_Learning,41293019,3687,
OMPL,41393993,4301,
Code_Hero,41421210,7713,
METIS,41457976,1731,
Reactive_extensions,41467178,5392,
Cypher_Query_Language,41583056,5708,
Code.org,41585692,24013,
Brogrammer,41626302,7914,
Inductive_programming,41644056,24292,
Makers_Academy,41660149,7160,
LFE_(programming_language),41671035,13619,
Mike_Little,41754493,3846,
Kotlin_(programming_language),41819039,17519,
Resource_management_(computing),41836840,24948,
Open_collaboration,41844429,6502,
Algorithmic_program_debugging,41912803,4682,
LaunchCode,41962812,7871,
Mem_(computing),41980813,2195,
Creative_coding,42177488,5232,
Delta_Debugging,42191252,4438,
Lossy_Count_Algorithm,42326508,1122,
Algorithmic_logic,42360188,2899,
Finger_search,42439522,8342,
LA_Hacks,42512854,2975,
Print_debugging,42527934,78,
KiSAO,42563034,3275,
Cameleon_(programming_language),42573172,4494,
Minimal_Working_Example,42742242,1097,
Concurrent_logic_programming,42755423,2523,
Toeplitz_Hash_Algorithm,42835786,1431,
Kleene's_algorithm,42923391,14713,
Swift_(programming_language),42946389,46732,
Swift_(parallel_scripting_language),42946796,5146,
Smart_Pascal,42977534,24226,
"Behavior_tree_(artificial_intelligence,_robotics_and_control)",43097038,12543,
CodeHS,43154124,7888,
Skipper_(computer_software),43306238,5241,
Ftrace,43371510,8480,
Comparison_of_cryptography_libraries,43376076,26618,
Behat_(computer_science),43414398,3754,
FCL-Web,43437914,4379,
Inversion_list,43628014,1398,
Bs_(programming_language),43779466,3169,
Radix_heap,43934410,3617,
SwitchUp,43944449,5595,
List_of_program_transformation_systems,44041923,1054,
Binary_repository_manager,44091727,9328,
Uniform_Function_Call_Syntax,44101540,4942,
C++17,44230614,11100,
Flajolet–Martin_algorithm,44308703,7382,
Lea_Verou,44311143,5250,
IBM_ALP,44311744,1424,
Plumbr,44319226,4256,
Example-centric_programming,44382509,11043,
Design_smell,44413693,5525,
MockServer,44544262,7314,
Petit_Computer,44572603,5661,
Browserify,44832152,955,
Boyer–Moore_majority_vote_algorithm,44847034,6806,
Steve_Punter,44871096,2836,
AVT_Statistical_filtering_algorithm,44995795,4907,
Integrated_Water_Flow_Model_(IWFM),45031327,7299,
Lightbot,45045531,2817,
CodeChef,45059890,7587,
Shared_memory,45081735,10222,
AirPair,45082574,6398,
Software_intelligence,45124802,780,
Infinifactory,45131973,14105,
Domain_reduction_algorithm,45194398,557,
C3D_Toolkit,45286085,16598,
Map_(parallel_pattern),45291758,2375,
Gitter,45340701,7826,
Slicing_Petri_nets,45349329,2287,
Set_intersection_oracle,45378348,3841,
IEEEXtreme,45391608,15595,
Nim_(programming_language),45413679,13483,
Robert_C._Martin,45519268,4655,
Tynker,45530923,3044,
Wiener_connector,45655492,8870,
LINGO_(mathematical_modeling_language),45712630,450,
Jared_Morgenstern,46300734,4981,
Universal_Test_Specification_Language,46397207,6799,
Zen_of_Python,46448252,2696,
Procedural_design,46450132,465,
Data_organization_for_low_power,46491638,6661,
The_Algorithm_Auction,46493377,4538,
HackerRank,46494789,12771,
Operation_Reduction_for_Low_Power,46539008,5299,
Sonic_Pi,46589273,2797,
Alexandra_Cardenas,46590700,6001,
Git-annex,46591309,3391,
Extempore_(software),46600256,3070,
Sibernetic,46689524,550,
Downstream_(software_development),46699529,1018,
Neutral_build,46768483,5753,
TidalCycles,46808694,3295,
Lighthouse_Labs,46827997,6520,
TIS-100,46875661,8651,
Chinese_Whispers_(clustering_method),46877898,4492,
Label_Propagation_Algorithm,46900869,3934,
Xulvi-Brunet_-_Sokolov_algorithm,46900918,3293,
Lancichinetti–Fortunato–Radicchi_benchmark,46902242,4755,
Human_Resource_Machine,46933362,11244,
Zassenhaus_algorithm,46953393,6386,
Dimensions_CM,46986987,3251,
Pyramid_of_doom_(programming),47015889,6787,
Golo_(programming_language),47051765,4482,
Jumble_algorithm,47108875,2531,
Human_performance_modeling,47152350,55043,
ContentBox_Modular_CMS,47196910,3523,
CoderDojo,47211280,9042,
Collaborative_diffusion,47341174,1369,
Execution_pattern,47362450,848,
Lars_Eilebrecht,47449130,7360,
GIWS_(software),47507984,2224,
Stripped_binary,47618653,1003,
Name_resolution_(programming_languages),47765871,7607,
Name_resolution_(computer_systems),47765880,1946,
Linda_Liukas,47813295,4368,
Kaminari,47818199,6190,
Open_Roberta,47887903,13168,
The_Master_Algorithm,47937215,3135,
Björn_Michaelsen,47970146,7726,
Kickstart_CSS_library,48037088,5148,
Georg_Franck,48090842,2142,
Polyglot_persistence,48214291,2367,
.sb2_file,48388028,1272,
HackerEarth,48429838,2774,
Input_Enhancement_(Computer_Science),48534076,13903,
Kingo_Root,48572638,3281,
Oblivious_data_structure,48730466,18630,
Non-malleable_codes,48768665,13383,
Communication-avoiding_algorithms,48786651,8152,
Automatic_bug_fixing,48892446,25059,
Asynchrony_(computer_programming),49031794,3913,
Ghana_Code_Club,49092909,5973,
Pony_Island,49151941,9815,
Abstract_Document_Pattern,49189922,5514,
Accord.NET,49238421,5940,
Geocoder_(Ruby),49274271,7303,
Approximate_computing,49277634,7827,
Twin_pattern,49323842,5556,
Blackboard_(design_pattern),49329005,13143,
Binding_properties_pattern,49330009,4324,
Composite_entity_pattern,49344449,9859,
Intercepting_filter_pattern,49344927,5457,
Store-passing_style,49387218,2706,
Move_assignment_operator,49517831,2949,
Kunstweg,49589765,1878,
National_Computer_Rank_Examination,49606488,735,
IEEEmadC,49718443,7029,
Pristine_Sources,49724628,1823,
Software_architectural_style,49755666,634,
Phalcon_Slayer,49817723,1324,
Online_optimization,49914674,2945,
DevOps_toolchain,49944721,9310,
Circuit_Value_Problem,50036569,1168,
Applicative_functor,50064642,1907,
CobolScript,50155661,1069,
CodeCombat,50221460,5543,
List_of_.NET_libraries_and_frameworks,50286142,34778,
Janus_(time-reversible_computing_programming_language),50304039,8864,
Matthew_Yee-King,50329970,2731,
LCHH_Architecture,50357779,2480,
Energy_modeling,50413747,35287,
AIX_Toolbox_for_Linux_Applications,50501391,1902,
Yield_(multithreading),50540047,2045,
Distributed_tree_search,50546680,7398,
Conc-Tree_list,50562924,6612,
David_Silver_(programmer),50568835,5260,
Bubble_(programming_language),50743880,2613,
ChartDirector,50775649,2408,
Memory_access_pattern,50783248,16440,
Data-oriented_design,50786173,3976,
Shelly_Knotts,50873113,4978,
Roofline_model,50880861,16619,
Business_delegate_pattern,50894194,8726,
Loop_perforation,50897431,1434,
Task_skipping,50899015,1656,
KHOPCA_clustering_algorithm,50959785,7756,
DONE,51017812,1890,
Synergy_DBL,51147321,8720,
Ghost_(operating_system),51190151,3839,
Strsafe.h,51190369,2341,
Purely_functional_programming,51235010,5866,
Ixi_lang,51334500,4801,
Certifying_algorithm,51386092,4882,
Deterministic_compilation,51389025,2931,
CSCM_(programming_language),51393010,12837,
Algorithmic_paradigm,51411922,1127,
Offensive_programming,51513636,3704,
Devpack,51534174,2562,
Storyboard_(Apple_programming),51550429,532,
Whiteboard_Pattern,51568180,9765,
Milk_(programming_language),51603617,511,
Algoid_(programming_language),51636986,1726,
EXAPT,51684378,10453,
Recursive_transcompiling,51717632,2494,
Derivative_code,51717770,1453,
Toolbox_(software),51790666,2031,
Cuneiform_(programming_language),51797637,8584,
Stanza_(computing),51846059,2767,
Active_updating,51995554,1730,
Privatization_(computer_programming),52020456,18949,
CodinGame,52032585,6401,
HAGGIS,52222071,15905,
Espire_(assembly_language),52229098,110,
Multiplicative_weight_update_method,52242050,22689,
Incremental_learning,52280151,5832,
Russian_AI_Cup,52295835,3648,
Shapiro_-_Senapathy_Algorithm,52300160,40320,
Shenzhen_I/O,52321243,7484,
Céu_(programming_language),52350190,576,
Code_Words,52406649,2907,
JSON_Patch,52472953,2574,
Samantha_John,52519539,1668,
David_A._Moon,52795295,6166,
FreeCodeCamp,52809488,10936,
Ring_(programming_language),52912829,10188,
Every_Fool_His_Own_Tool,52982409,1329,
Joanne_Armitage,53015999,4353,
P_(programming_language),53163248,1667,
Jq_(programming_language),53228126,3308,
Application_footprint,53316409,2540,
Disk_footprint,53316670,984,
Asynchronous_procedure_call,53345935,631,
Bayesian_Program_Synthesis,53394437,4272,
Ou_Xiaobai,53442266,3374,
Monte_Carlo_polarization,53471572,5466,
FGLM_algorithm,53596792,3219,
Index_of_JavaScript-related_articles,53741908,6931,
Global_Offset_Table,53931502,1159,
Hovhannes_Avoyan,53996804,6246,
Bitpit,54061840,4828,
Microsoft_Basic_1.0,54074624,3282,
Visual_Expert,54077164,8271,
Unrestricted_algorithm,54117020,1758,
Badouel_intersection_algorithm,54237359,573,
Action–domain–responder,54299814,2954,
Ruby_syntax,54355116,90,
CoffeeScript_syntax,54355145,75,
SQL_syntax,54355231,33296,
CodeFights,54543869,8489,
Monoque,54593071,1268,
Right_to_explanation,54625345,10540,
Flutter_(software),54699721,4319,
Syrian_Collegiate_Programming_Contest,54720352,3272,
Irvan_Smith_(Mr._Vero),54974662,7772,
Yasodara_Córdova,55135120,16116,
Anant_Bhardwaj,55140088,3248,
Seidel's_algorithm,55206702,4076,
Hub_labels,55213052,2173,
Codewars,55532583,4115,
Opus_Magnum_(video_game),55616150,8423,
OpenQASM,55836870,2124,
Quantum_computation_language,55836939,3135,
Misra-Gries_summary,55840115,3904,
Halite_(programming_competition),55860211,2788,
SoloLearn,56020968,6226,
Q_Sharp,56025620,5068,
Proof-of-authority,56036557,5968,
Predecessor_problem,56037139,6550,
Аналитик,56213481,6090,
TAPPS2,56376606,1733,
Algorithms_of_Oppression,56463048,3969,
